{
    "data": [{
            "id": "T1348647909107",
            "name": "头条"
        },
        {
            "id": "T1348648037603",
            "name": "社会"
        },
        {
            "id": "T1368497029546",
            "name": "历史"
        },
        {
            "id": "T1379038288239",
            "name": "电台"
        },
        {
            "id": "T1348648141035",
            "name": "军事"
        },
        {
            "id": "T1474271789612",
            "name": "航空"
        },
        {
            "id": "T1467284926140",
            "name": "要闻"
        },
        {
            "id": "T1348648517839",
            "name": "娱乐"
        },
        {
            "id": "T1348648650048",
            "name": "影视歌"
        },
        {
            "id": "T1348648756099",
            "name": "财经"
        },
        {
            "id": "T1473054348939",
            "name": "股票"
        },
        {
            "id": "T1356600029035",
            "name": "彩票"
        },
        {
            "id": "T1348649079062",
            "name": "体育"
        },
        {
            "id": "T1348649145984",
            "name": "NBA"
        },
        {
            "id": "T1348649503389",
            "name": "中国足球"
        },
        {
            "id": "T1348649176279",
            "name": "国际足球"
        },
        {
            "id": "T1348649475931",
            "name": "CBA"
        },
        {
            "id": "T1411113472760",
            "name": "跑步"
        },
        {
            "id": "T1486979691117",
            "name": "冰雪运动"
        },
        {
            "id": "T1348649580692",
            "name": "科技"
        },
        {
            "id": "T1348649654285",
            "name": "手机"
        },
        {
            "id": "T1348649776727",
            "name": "数码"
        },
        {
            "id": "T1351233117091",
            "name": "智能"
        },
        {
            "id": "T1350383429665",
            "name": "轻松一刻"
        },
        {
            "id": "T1421997195219",
            "name": "云课堂"
        },
        {
            "id": "T1370583240249",
            "name": "独家"
        },
        {
            "id": "T1456394562871",
            "name": "态度公开课"
        },
        {
            "id": "T1348654060988",
            "name": "汽车"
        },
        {
            "id": "T1348654085632",
            "name": "房产"
        },
        {
            "id": "T1348654105308",
            "name": "家居"
        },
        {
            "id": "T1348654151579",
            "name": "游戏"
        },
        {
            "id": "T1348654204705",
            "name": "旅游"
        },
        {
            "id": "T1414389941036",
            "name": "健康"
        },
        {
            "id": "T1401272877187",
            "name": "读书"
        },
        {
            "id": "T1385429690972",
            "name": "酒香"
        },
        {
            "id": "T1348654225495",
            "name": "教育"
        },
        {
            "id": "T1397116135282",
            "name": "亲子"
        },
        {
            "id": "T1397016069906",
            "name": "暴雪游戏"
        },
        {
            "id": "T1444270454635",
            "name": "漫画"
        },
        {
            "id": "T1481105123675",
            "name": "二次元"
        },
        {
            "id": "T1464592736048",
            "name": "态度营销"
        },
        {
            "id": "T1348650593803",
            "name": "时尚"
        },
        {
            "id": "T1348650839000",
            "name": "女人"
        },
        {
            "id": "T1414142214384",
            "name": "政务"
        },
        {
            "id": "T1441074311424",
            "name": "艺术"
        },
        {
            "id": "T1482470888760",
            "name": "阳光法院"
        }
    ]
}