{
    "T1348647853363": [{
            "sourceId": "T1348647853363",
            "votecount": 0,
            "docid": "FF3DBS7J00019B3E",
            "lmodify": "2020-06-14 14:50:19",
            "url_3w": "",
            "source": "海外网",
            "postid": "FF3DBS7J00019B3E",
            "priority": 70,
            "title": "丘吉尔涉种族歧视雕像遭破坏 家人呼吁移至博物馆 ",
            "mtime": "2020-06-14 14:50:19",
            "url": "https://3g.163.com/news/20/0614/14/FF3DBS7J00019B3E.html",
            "quality": 80,
            "commentStatus": 1,
            "topicid": "00019B3E",
            "replyCount": 6,
            "ltitle": "丘吉尔涉种族歧视雕像遭破坏 家人呼吁移至博物馆 ",
            "subtitle": "",
            "digest": "海外网6月14日电美国黑人弗洛伊德之死引发的抗议活动席卷英国，一些名人雕像因为涉及“种族歧视”被推至风口浪尖，英国前首相温斯顿·丘吉尔便是其中之一。鉴于此，丘吉",
            "boardid": "news2_bbs",
            "imgsrc": "http://cms-bucket.ws.126.net/2020/0614/95a25c92p00qbwl8g00mcc000s600e3c.png",
            "ptime": "2020-06-14 14:41:27",
            "daynum": "18427",
            "extraShowFields": ""
        },
        {
            "sourceId": "T1348647853363",
            "votecount": 0,
            "docid": "FF3D3LD10001899O",
            "lmodify": "2020-06-14 14:46:17",
            "url_3w": "",
            "source": "新京报",
            "postid": "FF3D3LD10001899O",
            "priority": 70,
            "title": "北京一川菜馆女员工确诊 确诊前饭馆一直未停业",
            "mtime": "2020-06-14 14:46:17",
            "url": "https://3g.163.com/news/20/0614/14/FF3D3LD10001899O.html",
            "quality": 80,
            "commentStatus": 1,
            "topicid": "00019B3E",
            "replyCount": 0,
            "ltitle": "北京一川菜馆女员工确诊 确诊前饭馆一直未停业",
            "subtitle": "",
            "digest": "新京报讯6月14日，北京新冠肺炎疫情防控新闻发布会公布一餐饮从业人员确诊病例，女性，工作单位为丰台花乡首经贸附近的李记川菜首经贸店，重庆人。6月14日新京报记者",
            "boardid": "news2_bbs",
            "imgsrc": "http://cms-bucket.ws.126.net/2020/0614/30254868p00qbwl3r00fjc000s600e3c.png",
            "ptime": "2020-06-14 14:36:57",
            "daynum": "18427",
            "extraShowFields": ""
        },
        {
            "sourceId": "T1348647853363",
            "votecount": 0,
            "docid": "FF3CU7JK0001899O",
            "lmodify": "2020-06-14 14:44:24",
            "url_3w": "",
            "source": "新京报",
            "postid": "FF3CU7JK0001899O",
            "priority": 70,
            "title": "北京43位确诊者都去过这些地方 至少涉及22个小区",
            "mtime": "2020-06-14 14:44:24",
            "url": "https://3g.163.com/news/20/0614/14/FF3CU7JK0001899O.html",
            "quality": 80,
            "commentStatus": 1,
            "topicid": "00019B3E",
            "replyCount": 0,
            "ltitle": "北京43位确诊者都去过这些地方 至少涉及22个小区",
            "subtitle": "",
            "digest": "新京报讯（记者戴轩裴剑飞）从6月11日到6月13日，北京3日之中确诊43例新冠肺炎患者。记者根据官方公开的消息进行盘点，发现目前病例至少涉及到22个小区、8家单",
            "boardid": "news2_bbs",
            "imgsrc": "http://cms-bucket.ws.126.net/2020/0614/625d9d8ep00qbwky700gcc000s600e3c.png",
            "ptime": "2020-06-14 14:33:59",
            "daynum": "18427",
            "extraShowFields": ""
        },
        {
            "videoTopic": {
                "ename": "T1512044479072",
                "certificationImg": "http://img2.cache.netease.com/m/newsapp/reading/vip/bluenew.png",
                "certificationText": "澎湃新闻官方网易号",
                "tname": "澎湃新闻",
                "alias": "专注时政与思想的新闻平台。",
                "topic_icons": "http://dingyue.ws.126.net/sfkk8B8tm8GPBhdj7ytp9ffDoUxLHWEHZvfEFg6agRddJ1523503149759.jpeg",
                "tid": "T1512044479072"
            },
            "sourceId": "T1348647853363",
            "skipID": "VKE5ISMB2",
            "lmodify": "2020-06-14 14:41:03",
            "postid": "KE5ISMB2050835RB",
            "source": "澎湃新闻",
            "title": "救援队员回忆首位被救女子:双手抱头 不停喊\"救命\"",
            "mtime": "2020-06-14 14:41:03",
            "videoinfo": {
                "videoRatio": 0.56,
                "video_data": {
                    "duration": 17,
                    "sd_preload_size": 408,
                    "sd_url": "http://flv0.bn.netease.com/videolib1/2006/14/6bmhdrlvv/SD/movie_index.m3u8",
                    "play_info": [{
                        "encode_format": "avc",
                        "size": 408,
                        "quality_desc": "标清",
                        "label": "avc_m3u8_sd",
                        "url": "http://flv0.bn.netease.com/videolib1/2006/14/6bmhdrlvv/SD/movie_index.m3u8",
                        "quality_index": 360
                    }],
                    "sd_size": 408,
                    "ratio": 0.56
                },
                "length": 17,
                "description": "6月14日，浙江台州。天鹰救援队队员回忆温岭槽罐车爆炸事故中第一位被救女子称，进现场不久就听到有人呼救，其全身被埋废墟，救援人员做好安全支撑后徒手将其挖出。",
                "videosource": "新媒体",
                "title": "救援队员回忆首位被救女子：双手抱头被埋，不停喊“救命”",
                "mp4_url": "http://flv3.bn.netease.com/videolib1/2006/14/6bmhdrlvv/SD/6bmhdrlvv-mobile.mp4",
                "vid": "VKE5ISMB2",
                "cover": "http://videoimg.ws.126.net/cover/20200614/WdpNEXyL6_cover.jpg",
                "playCount": 0,
                "replyCount": 0,
                "replyBoard": "video_bbs",
                "playersize": 0,
                "replyid": "KE5ISMB2050835RB",
                "sectiontitle": "",
                "ptime": "2020-06-14 14:27:27",
                "m3u8_url": "http://flv0.bn.netease.com/videolib1/2006/14/6bmhdrlvv/SD/movie_index.m3u8"
            },
            "digest": "6月14日，浙江台州。天鹰救援队队员回忆温岭槽罐车爆炸事故中第一位被救女子称，进现场不久就听到有人呼救，其全身被埋废墟，救援人员做好安全支撑后徒手将其挖出。",
            "boardid": "video_bbs",
            "imgsrc": "http://cms-bucket.ws.126.net/2020/0614/72cf7d2ej00qbwkyw0028c000s600e3c.jpg",
            "ptime": "2020-06-14 14:31:18",
            "daynum": "18427",
            "extraShowFields": "[{\"title\":\"\",\"showDocid\":\"00019B3E_VKE5ISMB2_1\"}]",
            "votecount": 0,
            "docid": "9IG74V5H00963VRO_VKE5ISMB2updateDoc",
            "length": 17,
            "videosource": "新媒体",
            "videoID": "VKE5ISMB2",
            "priority": 70,
            "quality": 90,
            "commentStatus": 1,
            "replyCount": 0,
            "skipType": "video",
            "category": "社会,事故",
            "TAGS": "视频"
        },
        {
            "sourceId": "T1348647853363",
            "votecount": 22,
            "docid": "FF3CNM5U00019B3E",
            "lmodify": "2020-06-14 14:32:03",
            "url_3w": "",
            "source": "澎湃新闻",
            "postid": "FF3CNM5U00019B3E",
            "priority": 70,
            "title": "护工掌掴痴呆老人20多次 福利院:以前也打过已停职",
            "mtime": "2020-06-14 14:32:03",
            "url": "https://3g.163.com/news/20/0614/14/FF3CNM5U00019B3E.html",
            "quality": 80,
            "commentStatus": 1,
            "topicid": "00019B3E",
            "replyCount": 29,
            "ltitle": "护工掌掴痴呆老人20多次 福利院:以前也打过已停职",
            "subtitle": "",
            "digest": "近日，陕西榆林。横山区社会福利院一名护工因不满痴呆老人将小凳子扔院外，连续掌掴老人二十多次。14日，福利院称，该护工已停职检查，其以前也打过人，此前从未处理。",
            "boardid": "news2_bbs",
            "imgsrc": "http://cms-bucket.ws.126.net/2020/0614/71df4b09p00qbwknl00gxc000s600e3c.png",
            "ptime": "2020-06-14 14:30:25",
            "daynum": "18427",
            "extraShowFields": ""
        },
        {
            "sourceId": "T1348647853363",
            "votecount": 218,
            "docid": "FF3CLN6R0001899O",
            "lmodify": "2020-06-14 14:34:05",
            "url_3w": "",
            "source": "新京报",
            "postid": "FF3CLN6R0001899O",
            "priority": 70,
            "title": "浙江槽罐车爆炸 路边民房中男孩写作业被波及身亡",
            "mtime": "2020-06-14 14:34:05",
            "url": "https://3g.163.com/news/20/0614/14/FF3CLN6R0001899O.html",
            "quality": 80,
            "commentStatus": 1,
            "topicid": "00019B3E",
            "replyCount": 248,
            "ltitle": "浙江槽罐车爆炸 路边民房中男孩写作业被波及身亡",
            "subtitle": "",
            "digest": "【温岭槽罐车爆炸事故路边楼中16岁男孩写作业时被爆炸波及身亡】#浙江温岭发生槽罐车爆炸事故#。截至6月14日9时30分许已致19人死亡。良山村一名16岁小孩在家",
            "boardid": "news2_bbs",
            "imgsrc": "http://cms-bucket.ws.126.net/2020/0614/18694ee5p00qbwkkv00b5c000s600e3c.png",
            "ptime": "2020-06-14 14:29:20",
            "daynum": "18427",
            "extraShowFields": "[{\"title\":\"\",\"showDocid\":\"00019B3E_FF3CLN6R0001899O_1\"}]"
        },
        {
            "sourceId": "T1348647853363",
            "votecount": 15,
            "docid": "FF3C07GG0001899O",
            "lmodify": "2020-06-14 14:32:03",
            "url_3w": "",
            "source": "环球时报",
            "postid": "FF3C07GG0001899O",
            "priority": 70,
            "title": "被揭“黑历史”，印度的民族英雄甘地雕像危险了",
            "mtime": "2020-06-14 14:32:03",
            "url": "https://3g.163.com/news/20/0614/14/FF3C07GG0001899O.html",
            "quality": 80,
            "commentStatus": 1,
            "topicid": "00019B3E",
            "replyCount": 18,
            "ltitle": "被揭“黑历史”，印度的民族英雄甘地雕像危险了",
            "subtitle": "",
            "digest": "根据BBC等多家英国媒体的报道，英国一些反种族主义者近日发出倡议，要求移除英国莱切斯特城的一尊印度的民族独立英雄甘地的雕像，理由是甘地并不是人们所以为的“圣雄”",
            "boardid": "news2_bbs",
            "imgsrc": "http://cms-bucket.ws.126.net/2020/0614/ee458278p00qbwk3d0096c000s600e3c.png",
            "ptime": "2020-06-14 14:17:36",
            "daynum": "18427",
            "extraShowFields": ""
        },
        {
            "sourceId": "T1348647853363",
            "votecount": 0,
            "docid": "FF3BQ7SO00019B3E",
            "lmodify": "2020-06-14 14:20:06",
            "url_3w": "",
            "source": "第一财经",
            "postid": "FF3BQ7SO00019B3E",
            "priority": 70,
            "title": "瑞幸造假案追踪:财政部现场检查阶段结束 命运待裁",
            "mtime": "2020-06-14 14:20:06",
            "url": "https://3g.163.com/news/20/0614/14/FF3BQ7SO00019B3E.html",
            "quality": 80,
            "commentStatus": 1,
            "topicid": "00019B3E",
            "replyCount": 0,
            "ltitle": "瑞幸造假案追踪:财政部现场检查阶段结束 命运待裁",
            "subtitle": "",
            "digest": "备受市场关注的瑞幸咖啡（Nasdaq：LK）造假案调查进展传来新消息，第一财经记者从接近监管层级的人士处获悉，财政部对于瑞幸咖啡财务造假案的现场检查部分已经结束",
            "boardid": "news2_bbs",
            "imgsrc": "http://cms-bucket.ws.126.net/2020/0614/434706e8p00qbwjzb00d0c000s600e3c.png",
            "ptime": "2020-06-14 14:14:20",
            "daynum": "18427",
            "extraShowFields": "[{\"title\":\"\",\"showDocid\":\"00019B3E_FF3BQ7SO00019B3E_1\"}]"
        },
        {
            "videoTopic": {
                "ename": "T1512041884616",
                "certificationImg": "http://img2.cache.netease.com/m/newsapp/reading/vip/bluenew.png",
                "certificationText": "中国新闻网官方网易号",
                "tname": "中国新闻网",
                "alias": "全球中文互联网原创新闻报道最重要的内容供应者",
                "topic_icons": "http://cms-bucket.nosdn.127.net/f94c9cc457734de7b0f59d08ce88e4dd20171127183832.jpeg",
                "tid": "T1512041884616"
            },
            "sourceId": "T1348647853363",
            "skipID": "VLE5HMEV2",
            "lmodify": "2020-06-14 14:57:41",
            "postid": "LE5HMEV2050835RB",
            "source": "中国新闻网",
            "title": "槽罐车爆炸事故伤者：我背上有个洞 当时闻到血味",
            "mtime": "2020-06-14 14:57:41",
            "videoinfo": {
                "videoRatio": 1.78,
                "video_data": {
                    "duration": 60,
                    "shd_size": 5356,
                    "hd_size": 3268,
                    "sd_preload_size": 68043,
                    "sd_url": "http://flv0.bn.netease.com/videolib1/2006/14/2zaqaqdui/SD/movie_index.m3u8",
                    "hd_url": "http://flv0.bn.netease.com/videolib1/2006/14/2zaqaqdui/HD/movie_index.m3u8",
                    "play_info": [{
                            "encode_format": "avc",
                            "size": 1907,
                            "quality_desc": "标清",
                            "label": "avc_m3u8_sd",
                            "url": "http://flv0.bn.netease.com/videolib1/2006/14/2zaqaqdui/SD/movie_index.m3u8",
                            "quality_index": 360
                        },
                        {
                            "encode_format": "avc",
                            "size": 5356,
                            "quality_desc": "高清",
                            "label": "avc_m3u8_hd",
                            "url": "http://flv0.bn.netease.com/videolib1/2006/14/2zaqaqdui/SHD/movie_index.m3u8",
                            "quality_index": 540
                        }
                    ],
                    "hd_preload_size": 79667,
                    "shd_url": "http://flv0.bn.netease.com/videolib1/2006/14/2zaqaqdui/SHD/movie_index.m3u8",
                    "sd_size": 1907,
                    "shd_preload_size": 97477,
                    "ratio": 1.78
                },
                "length": 60,
                "mp4Hd_url": "http://flv3.bn.netease.com/videolib1/2006/14/2zaqaqdui/HD/2zaqaqdui-mobile.mp4",
                "description": "",
                "videosource": "新媒体",
                "title": "“我背上有个洞” 伤者自述槽罐车爆炸事故经历",
                "m3u8Hd_url": "http://flv0.bn.netease.com/videolib1/2006/14/2zaqaqdui/HD/movie_index.m3u8",
                "mp4_url": "http://flv3.bn.netease.com/videolib1/2006/14/2zaqaqdui/SD/2zaqaqdui-mobile.mp4",
                "vid": "VLE5HMEV2",
                "cover": "http://videoimg.ws.126.net/cover/20200614/4Cq9Lta1Y_cover.jpg",
                "playCount": 0,
                "replyCount": 0,
                "replyBoard": "video_bbs",
                "playersize": 1,
                "replyid": "LE5HMEV2050835RB",
                "sectiontitle": "",
                "ptime": "2020-06-14 14:06:35",
                "m3u8_url": "http://flv0.bn.netease.com/videolib1/2006/14/2zaqaqdui/SD/movie_index.m3u8"
            },
            "digest": "",
            "boardid": "video_bbs",
            "imgsrc": "http://cms-bucket.ws.126.net/2020/0614/ab4963f6j00qbwlw000bhc000s600e3c.jpg",
            "ptime": "2020-06-14 14:11:47",
            "daynum": "18427",
            "extraShowFields": "[{\"title\":\"\",\"showDocid\":\"00019B3E_VLE5HMEV2_1\"}]",
            "votecount": 0,
            "docid": "9IG74V5H00963VRO_VLE5HMEV2updateDoc",
            "length": 60,
            "videosource": "新媒体",
            "videoID": "VLE5HMEV2",
            "priority": 70,
            "quality": 90,
            "commentStatus": 1,
            "replyCount": 0,
            "skipType": "video",
            "category": "社会,事故",
            "TAGS": "视频"
        },
        {
            "sourceId": "T1348647853363",
            "votecount": 278,
            "docid": "FF3BNBJM00018AOR",
            "lmodify": "2020-06-14 14:22:47",
            "url_3w": "",
            "source": "澎湃新闻",
            "postid": "FF3BNBJM00018AOR",
            "priority": 70,
            "title": "浙江爆炸:17名危重者未过危险期 7人烧伤面积超9成",
            "mtime": "2020-06-14 14:22:47",
            "url": "https://3g.163.com/news/20/0614/14/FF3BNBJM00018AOR.html",
            "quality": 80,
            "commentStatus": 1,
            "topicid": "00019B3E",
            "replyCount": 332,
            "ltitle": "浙江爆炸:17名危重者未过危险期 7人烧伤面积超9成",
            "subtitle": "",
            "digest": "澎湃新闻6月14日从收治伤员最多的浙江温岭市第一人民医院获悉，该院有17名“6·13沈海高速温岭大溪段槽罐车爆炸事故”危重伤员，目前尚未度过危险期。13日下午，",
            "boardid": "news2_bbs",
            "imgsrc": "http://cms-bucket.ws.126.net/2020/0614/ecd38c2dj00qbwk820018c000s600e3c.jpg",
            "ptime": "2020-06-14 14:09:00",
            "daynum": "18427",
            "extraShowFields": "[{\"title\":\"\",\"showDocid\":\"00019B3E_FF3BNBJM00018AOR_1\"}]"
        }
    ]
}