{
    "T1348647853363": [{
            "sourceId": "T1348647853363",
            "votecount": 0,
            "docid": "FF37LECE0001899O",
            "lmodify": "2020-06-14 13:10:32",
            "url_3w": "",
            "source": "新京报",
            "postid": "FF37LECE0001899O",
            "priority": 70,
            "title": "北京36例新增确诊患者 近1/3为主动就医发现 ",
            "mtime": "2020-06-14 13:10:32",
            "url": "https://3g.163.com/news/20/0614/13/FF37LECE0001899O.html",
            "quality": 80,
            "commentStatus": 1,
            "topicid": "00019B3E",
            "replyCount": 4,
            "ltitle": "北京36例新增确诊患者 近1/3为主动就医发现 ",
            "subtitle": "",
            "digest": "新京报讯今天（6月14日）中午，北京市新冠肺炎疫情防控工作举行第115场新闻发布会。会上通报，北京昨日共确诊36例新冠肺炎患者。其中，近1/3为主动就医发现。北",
            "boardid": "news2_bbs",
            "imgsrc": "http://cms-bucket.ws.126.net/2020/0614/18a11472p00qbwgm300a7c000s600e3c.png",
            "ptime": "2020-06-14 13:01:49",
            "daynum": "18427",
            "extraShowFields": ""
        },
        {
            "sourceId": "T1348647853363",
            "votecount": 137,
            "docid": "FF37G7K90001899O",
            "lmodify": "2020-06-14 14:12:28",
            "url_3w": "",
            "source": "新京报",
            "postid": "FF37G7K90001899O",
            "priority": 70,
            "title": "北京一菜馆女员工确诊 曾和厨师到新发地市场采购",
            "mtime": "2020-06-14 14:12:28",
            "url": "https://3g.163.com/news/20/0614/12/FF37G7K90001899O.html",
            "quality": 80,
            "commentStatus": 1,
            "topicid": "00019B3E",
            "replyCount": 164,
            "ltitle": "北京一菜馆女员工确诊 曾和厨师到新发地市场采购",
            "subtitle": "",
            "digest": "新京报讯（记者张晓荣）6月14日，北京新冠肺炎疫情防控新闻发布会公布一餐饮从业人员确诊病例，女性，工作单位为丰台花乡首经贸附近的李记川菜首经贸店，重庆人。6月1",
            "boardid": "news2_bbs",
            "imgsrc": "http://cms-bucket.ws.126.net/2020/0614/fe64062dp00qbwgl200iwc000s600e3c.png",
            "ptime": "2020-06-14 12:58:58",
            "daynum": "18427",
            "extraShowFields": ""
        },
        {
            "sourceId": "T1348647853363",
            "votecount": 987,
            "docid": "FF36GN670001899O",
            "lmodify": "2020-06-14 13:18:41",
            "url_3w": "",
            "source": "北京头条客户端",
            "postid": "FF36GN670001899O",
            "priority": 70,
            "title": "警惕！北京12名确诊患者自述：近14天无任何症状",
            "mtime": "2020-06-14 13:18:41",
            "url": "https://3g.163.com/news/20/0614/12/FF36GN670001899O.html",
            "quality": 80,
            "commentStatus": 1,
            "topicid": "00019B3E",
            "replyCount": 1056,
            "ltitle": "警惕！北京12名确诊患者自述：近14天无任何症状",
            "subtitle": "",
            "digest": "6月14日上午，北京市第115场新冠肺炎疫情防控工作新闻发布会召开。北京市疾控中心副主任庞星火通报本市昨日新增病例情况。庞星火说，6月13日0时-24时，本市新",
            "boardid": "news2_bbs",
            "imgsrc": "http://cms-bucket.ws.126.net/2020/0614/199f08baj00qbwftc000hc000s600e3c.jpg",
            "ptime": "2020-06-14 12:41:45",
            "daynum": "18427",
            "extraShowFields": "[{\"showDocid\":\"00019B3E_FF36GN670001899O_1\",\"title\":\"北京12名确诊者自述近14天并无症状\",\"status\":-1}]"
        },
        {
            "sourceId": "T1348647853363",
            "votecount": 178,
            "docid": "FF35V4RE0001899O",
            "lmodify": "2020-06-14 12:40:03",
            "url_3w": "",
            "source": "北京日报",
            "postid": "FF35V4RE0001899O",
            "priority": 70,
            "title": "北京大兴新增4例确诊 对3个涉及小区封闭式管理",
            "mtime": "2020-06-14 12:40:03",
            "url": "https://3g.163.com/news/20/0614/12/FF35V4RE0001899O.html",
            "quality": 80,
            "commentStatus": 1,
            "topicid": "00019B3E",
            "replyCount": 207,
            "ltitle": "北京大兴新增4例确诊 对3个涉及小区封闭式管理",
            "subtitle": "",
            "digest": "6月14日，北京市第115场新冠肺炎疫情防控发布会召开，市疾控中心副主任庞星火介绍，6月13日0时-24时，本市新增新冠肺炎确诊病例36例，其中大兴区4例，涉及",
            "boardid": "news2_bbs",
            "imgsrc": "http://cms-bucket.ws.126.net/2020/0614/7886df17j00qbwfdn0009c000s600e3c.jpg",
            "ptime": "2020-06-14 12:32:09",
            "daynum": "18427",
            "extraShowFields": "[{\"title\":\"\",\"showDocid\":\"00019B3E_FF35V4RE0001899O_1\"}]"
        },
        {
            "sourceId": "T1348647853363",
            "votecount": 13,
            "docid": "FF35JKEU0001899O",
            "lmodify": "2020-06-14 12:45:12",
            "url_3w": "",
            "source": "新京报",
            "postid": "FF35JKEU0001899O",
            "priority": 70,
            "title": "北京：全面排查曾接诊确诊病例的医院及医务人员 ",
            "mtime": "2020-06-14 12:45:12",
            "url": "https://3g.163.com/news/20/0614/12/FF35JKEU0001899O.html",
            "quality": 80,
            "commentStatus": 1,
            "topicid": "00019B3E",
            "replyCount": 21,
            "ltitle": "北京：全面排查曾接诊确诊病例的医院及医务人员 ",
            "subtitle": "",
            "digest": "新京报讯北京市卫健委新闻发言人高小俊介绍，北京特别要求各医疗机构进一步加强医务人员全员培训，严格落实国家和北京市医务人员防护指南，加强预检分诊点、发热门诊、留观",
            "boardid": "news2_bbs",
            "imgsrc": "http://cms-bucket.ws.126.net/2020/0614/68040f73p00qbwf0e00hlc000s600e3c.png",
            "ptime": "2020-06-14 12:25:52",
            "daynum": "18427",
            "extraShowFields": ""
        },
        {
            "sourceId": "T1348647853363",
            "votecount": 67,
            "docid": "FF35BG2O0001899O",
            "lmodify": "2020-06-14 13:02:39",
            "url_3w": "",
            "source": "北京头条",
            "postid": "FF35BG2O0001899O",
            "priority": 70,
            "title": "北京：近期去新发地者需查核酸 可打120坐专车诊疗",
            "mtime": "2020-06-14 13:02:39",
            "url": "https://3g.163.com/news/20/0614/12/FF35BG2O0001899O.html",
            "quality": 80,
            "commentStatus": 1,
            "topicid": "00019B3E",
            "replyCount": 77,
            "ltitle": "北京：近期去新发地者需查核酸 可打120坐专车诊疗",
            "subtitle": "",
            "digest": "北京头条客户端6月14日消息，6月14日上午，北京市第115场新冠肺炎疫情防控工作新闻发布会召开。北京市疾控中心副主任庞星火介绍，6月13日0时-24时，我市新",
            "boardid": "news2_bbs",
            "imgsrc": "http://cms-bucket.ws.126.net/2020/0614/141ba7ccp00qbwevi00bxc000s600e3c.png",
            "ptime": "2020-06-14 12:21:25",
            "daynum": "18427",
            "extraShowFields": ""
        },
        {
            "sourceId": "T1348647853363",
            "votecount": 338,
            "docid": "FF35B99C00019K82",
            "lmodify": "2020-06-14 12:51:29",
            "url_3w": "",
            "source": "人民日报",
            "postid": "FF35B99C00019K82",
            "priority": 70,
            "title": "北京一确诊病例为机场巴士员工 先后去过3家医院",
            "mtime": "2020-06-14 12:51:29",
            "url": "https://3g.163.com/news/20/0614/12/FF35B99C00019K82.html",
            "quality": 80,
            "commentStatus": 1,
            "topicid": "00019B3E",
            "replyCount": 374,
            "ltitle": "北京一确诊病例为机场巴士员工 先后去过3家医院",
            "subtitle": "",
            "digest": "北京公布一病例详情：病例17，某男，56岁，北京西城人，工作单位为北京民航机场巴士公司，现住西城区永宁胡同。3日到新发地市场采购，5日出现乏力、头痛，12日出现",
            "boardid": "news2_bbs",
            "imgsrc": "http://cms-bucket.ws.126.net/2020/0614/9808b890p00qbw8k800ecc000s600e3c.png",
            "ptime": "2020-06-14 12:21:19",
            "daynum": "18427",
            "extraShowFields": "[{\"title\":\"\",\"showDocid\":\"00019B3E_FF35B99C00019K82_1\"}]"
        },
        {
            "sourceId": "T1348647853363",
            "skipID": "S1591533818286",
            "lmodify": "2020-06-14 14:04:10",
            "source": "央视新闻客户端",
            "postid": "FF358I9F0001899O",
            "title": "贵州8市洪涝灾害致13人死亡多人失踪 43万人受灾",
            "mtime": "2020-06-14 14:04:10",
            "topicid": "00019B3E",
            "digest": "6月13日，贵州正安县碧峰镇街头的民居被洪水冲毁（无人机照片）。新华社图记者从应急管理部获悉，6月13日，国家减灾委、应急管理部针对贵州省遵义、黔东南、黔南等地",
            "boardid": "news2_bbs",
            "imgsrc": "http://cms-bucket.ws.126.net/2020/0614/06f0eec6p00qbwen500vkc000s600e3c.png",
            "ptime": "2020-06-14 12:19:49",
            "daynum": "18427",
            "extraShowFields": "[{\"title\":\"\",\"showDocid\":\"00019B3E_FF358I9F0001899O_1\"}]",
            "votecount": 0,
            "docid": "FF358I9F0001899O",
            "url_3w": "",
            "priority": 70,
            "url": "https://3g.163.com/news/20/0614/12/FF358I9F0001899O.html",
            "quality": 80,
            "specialID": "S1591533818286",
            "commentStatus": 1,
            "tagList": [{
                "level": 1,
                "text": "专题",
                "type": "Red-FBG"
            }],
            "replyCount": 0,
            "ltitle": "贵州8市洪涝灾害致13人死亡多人失踪 43万人受灾",
            "subtitle": "",
            "skipType": "special"
        },
        {
            "sourceId": "T1348647853363",
            "votecount": 16,
            "docid": "FF34SHFM05129QAF",
            "lmodify": "2020-06-14 13:47:05",
            "url_3w": "",
            "source": "南方都市报",
            "postid": "FF34SHFM05129QAF",
            "priority": 70,
            "title": "浙江温岭爆炸车运输企业与液化气公司老板系同一人",
            "mtime": "2020-06-14 13:47:05",
            "url": "",
            "quality": 80,
            "commentStatus": 1,
            "topicid": "00019B3E",
            "replyCount": 21,
            "ltitle": "浙江温岭爆炸车运输企业与液化气公司老板系同一人",
            "subtitle": "",
            "digest": "据浙江温岭市政府6月14日通报，截至当天9时30分，G15沈海高速公路（温岭大溪段）槽罐车爆炸事故已造成19人遇难，172人住院治疗，其中危重伤员24人。浙江省",
            "boardid": "dy_wemedia_bbs",
            "imgsrc": "http://cms-bucket.ws.126.net/2020/0614/be133021j00qbwg8b002kc000s600e3c.jpg",
            "ptime": "2020-06-14 12:13:32",
            "daynum": "18427",
            "extraShowFields": "[{\"title\":\"\",\"showDocid\":\"00019B3E_FF34SHFM05129QAF_1\"}]"
        }
    ]
}