{
    "T1348647853363": [{
            "sourceId": "T1348647853363",
            "template": "normal1",
            "skipID": "S1592006302361",
            "lmodify": "2020-06-14 14:59:36",
            "source": "第一财经",
            "postid": "FF3DQGU20001899O",
            "title": "病毒或更早现身北京新发地 专家:有人4日就已发病 ",
            "mtime": "2020-06-14 14:59:36",
            "hasImg": 1,
            "topicid": "00019B3E",
            "topic_background": "http://cms-bucket.ws.126.net/2020/0422/1e44993bp00q966r20011c000u000a0c.png",
            "digest": "新冠病毒或更早现身于北京丰台区新发地批发市场，根据目前官方通报情况看，确诊患者中有4日就发病的。6月13日0时至24时，北京市新增报告本地确诊病例36例、无症状",
            "boardid": "news2_bbs",
            "alias": "Top News",
            "hasAD": 1,
            "imgsrc": "http://cms-bucket.ws.126.net/2020/0614/d49a86e5p00qbwlpv00koc000s600e3c.png",
            "ptime": "2020-06-14 14:49:26",
            "daynum": "18427",
            "extraShowFields": "[{\"title\":\"\",\"showDocid\":\"00019B3E_FF3DQGU20001899O_1\"}]",
            "hasHead": 1,
            "order": 1,
            "votecount": 144,
            "hasCover": false,
            "docid": "FF3DQGU20001899O",
            "tname": "头条",
            "url_3w": "",
            "priority": 101,
            "url": "https://3g.163.com/news/20/0614/14/FF3DQGU20001899O.html",
            "quality": 80,
            "specialID": "S1592006302361",
            "commentStatus": 1,
            "tagList": [{
                "level": 1,
                "text": "专题",
                "type": "Red-FBG"
            }],
            "ads": [{
                    "subtitle": "",
                    "skipType": "photoset",
                    "skipID": "00AP0001|2308900",
                    "tag": "photoset",
                    "title": "北京新发地连夜转移市场内人员",
                    "imgsrc": "bigimg",
                    "url": "00AP0001|2308900"
                },
                {
                    "subtitle": "",
                    "skipType": "photoset",
                    "skipID": "00AP0001|2308896",
                    "tag": "photoset",
                    "title": "航拍浙江槽罐车爆炸现场 断壁残垣满目废墟",
                    "imgsrc": "bigimg",
                    "url": "00AP0001|2308896"
                },
                {
                    "subtitle": "",
                    "skipType": "photoset",
                    "skipID": "00AP0001|2308895",
                    "tag": "photoset",
                    "title": "台风\"鹦鹉\"来袭前 多地出现台风云",
                    "imgsrc": "bigimg",
                    "url": "00AP0001|2308895"
                },
                {
                    "subtitle": "",
                    "skipType": "photoset",
                    "skipID": "00AP0001|2308893",
                    "tag": "photoset",
                    "title": "重庆酉阳遭受暴雨袭击",
                    "imgsrc": "http://cms-bucket.ws.126.net/2020/0613/6b635cf9j00qbuvtp004mc000s600e3c.jpg",
                    "url": "00AP0001|2308893"
                },
                {
                    "subtitle": "",
                    "skipType": "photoset",
                    "skipID": "00AP0001|2308892",
                    "tag": "photoset",
                    "title": "成都：“非遗宽窄院” 体验文化传承",
                    "imgsrc": "http://cms-bucket.ws.126.net/2020/0613/b1f28f82j00qbuvua0039c000s600e3c.jpg",
                    "url": "00AP0001|2308892"
                }
            ],
            "ename": "iosnews",
            "replyCount": 153,
            "ltitle": "病毒或更早现身北京新发地 专家:有人4日就已发病 ",
            "hasIcon": true,
            "subtitle": "",
            "skipType": "special",
            "cid": "C1348646712614"
        },
        {
            "sourceId": "T1348647853363",
            "votecount": 6302,
            "docid": "FF380UN50001899O",
            "lmodify": "2020-06-14 15:02:30",
            "url_3w": "",
            "source": "界面新闻",
            "postid": "FF380UN50001899O",
            "priority": 100,
            "title": "卧虎藏龙的批发菜市场:有人20年买10套房 3月赚百万",
            "mtime": "2020-06-14 15:02:30",
            "url": "https://3g.163.com/news/20/0614/13/FF380UN50001899O.html",
            "quality": 80,
            "commentStatus": 1,
            "topicid": "00019B3E",
            "replyCount": 6655,
            "ltitle": "卧虎藏龙的批发菜市场:有人20年买10套房 3月赚百万",
            "subtitle": "",
            "digest": "凌晨四点，城市依然在沉睡，但蔬菜批发市场里已经灯火通明。在这里，从田间勤劳耕作的农民、到批发市场里货主和买家，再到城市里的生鲜超市和小摊贩，每一个独立的个体组成",
            "boardid": "news2_bbs",
            "imgsrc": "http://cms-bucket.ws.126.net/2020/0614/a607f604p00qbwgve00k7c000s600e3c.png",
            "ptime": "2020-06-14 13:08:06",
            "daynum": "18427",
            "extraShowFields": "[{\"title\":\"\",\"showDocid\":\"00019B3E_FF380UN50001899O_1\"}]"
        },
        {
            "sourceId": "T1348647853363",
            "skipID": "S1592047081185",
            "lmodify": "2020-06-14 14:30:11",
            "source": "人民日报",
            "postid": "FF31QEH70001899O",
            "title": "19死172伤！国务院安委会挂牌督办浙江爆炸事故",
            "mtime": "2020-06-14 14:30:11",
            "topicid": "00019B3E",
            "digest": "【国务院督办温岭槽罐车爆炸事故】6月13日至14日，应急管理部持续调度浙江温岭槽罐车爆炸事故现场处置情况，要求尽快核清人数，加紧搜寻排查，科学安全施救，全力救治",
            "boardid": "news2_bbs",
            "imgsrc": "http://cms-bucket.ws.126.net/2020/0614/bb2b69aep00qbwbzm00lac000s600e3c.png",
            "ptime": "2020-06-14 11:19:41",
            "daynum": "18427",
            "extraShowFields": "[{\"showDocid\":\"00019B3E_FF31QEH70001899O_1\",\"title\":\"国务院督办温岭槽罐车爆炸事故\",\"status\":-1}]",
            "votecount": 7654,
            "docid": "FF31QEH70001899O",
            "url_3w": "",
            "priority": 100,
            "url": "https://3g.163.com/news/20/0614/11/FF31QEH70001899O.html",
            "quality": 80,
            "specialID": "S1592047081185",
            "commentStatus": 1,
            "tagList": [{
                "level": 1,
                "text": "专题",
                "type": "Red-FBG"
            }],
            "replyCount": 8490,
            "ltitle": "19死172伤！国务院安委会挂牌督办浙江爆炸事故",
            "subtitle": "",
            "skipType": "special"
        },
        {
            "sourceId": "T1348647853363",
            "skipID": "S1592006302361",
            "lmodify": "2020-06-14 14:59:36",
            "source": "第一财经",
            "postid": "FF3DQGU20001899O",
            "title": "病毒或更早现身北京新发地 专家:有人4日就已发病 ",
            "mtime": "2020-06-14 14:59:36",
            "topicid": "00019B3E",
            "digest": "新冠病毒或更早现身于北京丰台区新发地批发市场，根据目前官方通报情况看，确诊患者中有4日就发病的。6月13日0时至24时，北京市新增报告本地确诊病例36例、无症状",
            "boardid": "news2_bbs",
            "imgsrc": "http://cms-bucket.ws.126.net/2020/0614/d49a86e5p00qbwlpv00koc000s600e3c.png",
            "ptime": "2020-06-14 14:49:26",
            "daynum": "18427",
            "extraShowFields": "[{\"title\":\"\",\"showDocid\":\"00019B3E_FF3DQGU20001899O_1\"}]",
            "votecount": 144,
            "docid": "FF3DQGU20001899O",
            "url_3w": "",
            "priority": 101,
            "url": "https://3g.163.com/news/20/0614/14/FF3DQGU20001899O.html",
            "quality": 80,
            "specialID": "S1592006302361",
            "commentStatus": 1,
            "tagList": [{
                "level": 1,
                "text": "专题",
                "type": "Red-FBG"
            }],
            "replyCount": 153,
            "ltitle": "病毒或更早现身北京新发地 专家:有人4日就已发病 ",
            "subtitle": "",
            "skipType": "special"
        },
        {
            "sourceId": "T1348647853363",
            "votecount": 4504,
            "docid": "FF2PRCB70519D3BI",
            "lmodify": "2020-06-14 14:51:25",
            "url_3w": "",
            "source": "AI财经社",
            "postid": "FF2PRCB70519D3BI",
            "priority": 100,
            "title": "航班延误的致富密码：40元投保最高可赔8000元",
            "mtime": "2020-06-14 14:51:25",
            "url": "",
            "quality": 80,
            "commentStatus": 1,
            "topicid": "00019B3E",
            "replyCount": 4858,
            "ltitle": "航班延误的致富密码：40元投保最高可赔8000元",
            "subtitle": "",
            "digest": "文|AI财经社仉泽翔编|鹿鸣本文由AI财经社原创出品，未经许可，任何渠道、平台请勿转载。违者必究。航班延误，发家致富。近日，关于航延险的一场大型薅羊毛行动被警方",
            "boardid": "dy_wemedia_bbs",
            "imgsrc": "http://cms-bucket.ws.126.net/2020/0614/4ad35c41j00qbwad5001bc000s600e3c.jpg",
            "ptime": "2020-06-14 09:00:29",
            "daynum": "18427",
            "extraShowFields": "[{\"title\":\"\",\"showDocid\":\"00019B3E_FF2PRCB70519D3BI_1\"}]"
        },
        {
            "sourceId": "T1348647853363",
            "votecount": 20162,
            "docid": "FF33IS100001899O",
            "lmodify": "2020-06-14 13:11:27",
            "url_3w": "",
            "source": "法制网#",
            "postid": "FF33IS100001899O",
            "priority": 82,
            "title": "云盘里的卖淫推手：\"经营者\"有一套失足女收费标准",
            "mtime": "2020-06-14 13:11:27",
            "url": "https://3g.163.com/news/20/0614/11/FF33IS100001899O.html",
            "quality": 80,
            "commentStatus": 1,
            "topicid": "00019B3E",
            "replyCount": 21259,
            "ltitle": "云盘里的卖淫推手：\"经营者\"有一套失足女收费标准",
            "subtitle": "",
            "digest": "漫画/高岳云盘是一种互联网存储工具，常常被用来共享视频、图片等资料。但有不法分子看中其海量存储、操作便捷、易于推广等特点，将其作为组织实施卖淫嫖娼的特殊工具。《",
            "boardid": "news2_bbs",
            "imgsrc": "http://cms-bucket.ws.126.net/2020/0614/0cb6278ap00qbwd6600h5c000s600e3c.png",
            "ptime": "2020-06-14 11:50:30",
            "daynum": "18427",
            "extraShowFields": "[{\"title\":\"\",\"showDocid\":\"00019B3E_FF33IS100001899O_1\"}]"
        },
        {
            "sourceId": "T1348647853363",
            "votecount": 13863,
            "docid": "FEUG49ID00019K82",
            "lmodify": "2020-06-14 11:32:35",
            "url_3w": "",
            "source": "12309中国检察网#",
            "postid": "FEUG49ID00019K82",
            "priority": 81,
            "title": "男子足浴店内突然对女技师做惊人举动 对方大喊救命",
            "mtime": "2020-06-14 11:32:35",
            "url": "https://3g.163.com/news/20/0612/16/FEUG49ID00019K82.html",
            "quality": 80,
            "commentStatus": 1,
            "topicid": "00019B3E",
            "replyCount": 15110,
            "ltitle": "男子足浴店内突然对女技师做惊人举动 对方大喊救命",
            "subtitle": "",
            "digest": "江西省上饶市信州区人民检察院起诉书饶信检一部刑诉〔2020〕65号被告人杨某某，男，1987年**月**日出生，居民身份证号码6201021987*******",
            "boardid": "news2_bbs",
            "imgsrc": "http://cms-bucket.ws.126.net/2020/0614/18550f70p00qbwc4800gjc000s600e3c.png",
            "ptime": "2020-06-14 11:27:32",
            "daynum": "18427",
            "extraShowFields": "[{\"title\":\"\",\"showDocid\":\"00019B3E_FEUG49ID00019K82_1\"}]"
        },
        {
            "sourceId": "T1348647853363",
            "votecount": 1906,
            "docid": "FF3AGI6I00038FO9",
            "lmodify": "2020-06-14 14:16:51",
            "url_3w": "",
            "source": "网易娱乐#",
            "postid": "FF3AGI6I00038FO9",
            "priority": 80,
            "title": "泪目！黄日华写信告别亡妻：娶你是我最成功的事",
            "mtime": "2020-06-14 14:16:51",
            "url": "https://3g.163.com/ent/20/0614/13/FF3AGI6I00038FO9.html",
            "quality": 80,
            "commentStatus": 1,
            "topicid": "00019B3E",
            "replyCount": 2081,
            "ltitle": "泪目！黄日华写信告别亡妻：娶你是我最成功的事",
            "subtitle": "",
            "digest": "黄日华和黄芷晴今替梁洁华举行告别式黄日华给梁洁华的最后情书曝光网易娱乐6月14日报道据台媒报道，黄日华和梁洁华结婚32年，育有一女黄芷晴，7年前梁洁华患急性骨髓",
            "boardid": "ent2_bbs",
            "imgsrc": "http://cms-bucket.ws.126.net/2020/0614/b4de246fp00qbwiwz0047c0009c005uc.png",
            "ptime": "2020-06-14 13:51:34",
            "daynum": "18427",
            "extraShowFields": "[{\"title\":\"\",\"showDocid\":\"00019B3E_FF3AGI6I00038FO9_1\"}]"
        },
        {
            "sourceId": "T1348647853363",
            "votecount": 20854,
            "docid": "FF1G0AGU0541A1UA",
            "lmodify": "2020-06-14 13:11:40",
            "url_3w": "",
            "source": "译眼看世界#",
            "postid": "FF1G0AGU0541A1UA",
            "priority": 80,
            "title": "22岁女孩拿铁锹威胁性侵一男子 随后杀人抛尸大街",
            "mtime": "2020-06-14 13:11:40",
            "url": "",
            "quality": 80,
            "commentStatus": 1,
            "topicid": "00019B3E",
            "replyCount": 21305,
            "ltitle": "22岁女孩拿铁锹威胁性侵一男子 随后杀人抛尸大街",
            "subtitle": "",
            "digest": "俄罗斯向来被我们戏称为战斗民族，不止因为他们酷爱喝烈酒伏特加，也因为他们有着喝伏特加一样烈的性格。据《每日星报》6月11日报道，俄罗斯鄂木斯克22岁的女子埃琳娜",
            "boardid": "dy_wemedia_bbs",
            "imgsrc": "http://cms-bucket.ws.126.net/2020/0614/c0889d48j00qbvq0s0027c000s600e3c.jpg",
            "ptime": "2020-06-14 03:31:29",
            "daynum": "18427",
            "extraShowFields": "[{\"title\":\"\",\"showDocid\":\"00019B3E_FF1G0AGU0541A1UA_1\"}]"
        },
        {
            "sourceId": "T1348647853363",
            "votecount": 100232,
            "docid": "FF07GQKI0001899O",
            "lmodify": "2020-06-14 13:11:16",
            "url_3w": "",
            "source": "现代快报#",
            "postid": "FF07GQKI0001899O",
            "priority": 80,
            "title": "女子遭丈夫持刀追杀致死 不堪忍受家暴2次起诉离婚",
            "mtime": "2020-06-14 13:11:16",
            "url": "https://3g.163.com/news/20/0613/09/FF07GQKI0001899O.html",
            "quality": 80,
            "commentStatus": 1,
            "topicid": "00019B3E",
            "replyCount": 104751,
            "ltitle": "女子遭丈夫持刀追杀致死 不堪忍受家暴2次起诉离婚",
            "subtitle": "",
            "digest": "现代快报讯2019年9月26日早晨，南京市江宁某小区发生一起命案，41岁的魏某当众将妻子小董残忍杀害。现代快报记者了解到，小董早在2018年8月就以家暴为由提出",
            "boardid": "news2_bbs",
            "imgsrc": "http://cms-bucket.ws.126.net/2020/0613/51c42ca1p00qbuasd009dc000s600e3c.png",
            "ptime": "2020-06-13 09:01:34",
            "daynum": "18427",
            "extraShowFields": "[{\"title\":\"\",\"showDocid\":\"00019B3E_FF07GQKI0001899O_1\"}]"
        }
    ]
}