{
    "T1348647853363": [{
            "videoTopic": {
                "ename": "T1512044479072",
                "certificationImg": "http://img2.cache.netease.com/m/newsapp/reading/vip/bluenew.png",
                "certificationText": "澎湃新闻官方网易号",
                "tname": "澎湃新闻",
                "alias": "专注时政与思想的新闻平台。",
                "topic_icons": "http://dingyue.ws.126.net/sfkk8B8tm8GPBhdj7ytp9ffDoUxLHWEHZvfEFg6agRddJ1523503149759.jpeg",
                "tid": "T1512044479072"
            },
            "sourceId": "T1348647853363",
            "skipID": "VKE5HER6V",
            "lmodify": "2020-06-14 14:41:03",
            "postid": "KE5HER6V050835RB",
            "source": "澎湃新闻",
            "title": "浙江槽罐车爆炸：18岁男孩在家中不幸罹难",
            "mtime": "2020-06-14 14:41:03",
            "videoinfo": {
                "videoRatio": 1.78,
                "video_data": {
                    "duration": 104,
                    "sd_preload_size": 4242,
                    "sd_url": "http://flv0.bn.netease.com/videolib1/2006/14/2k45qtpvt/SD/movie_index.m3u8",
                    "play_info": [{
                        "encode_format": "avc",
                        "size": 4242,
                        "quality_desc": "标清",
                        "label": "avc_m3u8_sd",
                        "url": "http://flv0.bn.netease.com/videolib1/2006/14/2k45qtpvt/SD/movie_index.m3u8",
                        "quality_index": 360
                    }],
                    "sd_size": 4242,
                    "ratio": 1.78
                },
                "length": 104,
                "description": "6月13日，浙江台州。一位良山村村民表示，房屋在爆炸中受损，堂兄弟的孙子不幸罹难，年仅18岁。目前，进村道路已被封，部分村民回家受阻，被值守人员安排住进宾馆。",
                "videosource": "新媒体",
                "title": "台州槽罐车爆炸：亲属口述18岁少年不幸遇难经过",
                "mp4_url": "http://flv3.bn.netease.com/videolib1/2006/14/2k45qtpvt/SD/2k45qtpvt-mobile.mp4",
                "vid": "VKE5HER6V",
                "cover": "http://videoimg.ws.126.net/cover/20200614/pP7QgDqeh_cover.jpg",
                "playCount": 0,
                "replyCount": 288,
                "replyBoard": "video_bbs",
                "playersize": 1,
                "replyid": "KE5HER6V050835RB",
                "sectiontitle": "",
                "ptime": "2020-06-14 14:02:25",
                "m3u8_url": "http://flv0.bn.netease.com/videolib1/2006/14/2k45qtpvt/SD/movie_index.m3u8"
            },
            "digest": "6月13日，浙江台州。一位良山村村民表示，房屋在爆炸中受损，堂兄弟的孙子不幸罹难，年仅18岁。目前，进村道路已被封，部分村民回家受阻，被值守人员安排住进宾馆。",
            "boardid": "video_bbs",
            "imgsrc": "http://cms-bucket.ws.126.net/2020/0614/62a758f7j00qbwl3j001bc000s600e3c.jpg",
            "ptime": "2020-06-14 14:07:07",
            "daynum": "18427",
            "extraShowFields": "[{\"title\":\"\",\"showDocid\":\"00019B3E_VKE5HER6V_1\"}]",
            "votecount": 261,
            "docid": "9IG74V5H00963VRO_VKE5HER6VupdateDoc",
            "length": 104,
            "videosource": "新媒体",
            "videoID": "VKE5HER6V",
            "priority": 70,
            "quality": 90,
            "commentStatus": 1,
            "replyCount": 288,
            "skipType": "video",
            "category": "社会,事故",
            "TAGS": "视频"
        },
        {
            "sourceId": "T1348647853363",
            "votecount": 14,
            "docid": "FF3BCA6U0001899O",
            "lmodify": "2020-06-14 14:17:12",
            "url_3w": "",
            "source": "新京报",
            "postid": "FF3BCA6U0001899O",
            "priority": 70,
            "title": "北京一确诊患者单位为机场巴士公司 已数月未上班",
            "mtime": "2020-06-14 14:17:12",
            "url": "https://3g.163.com/news/20/0614/14/FF3BCA6U0001899O.html",
            "quality": 80,
            "commentStatus": 1,
            "topicid": "00019B3E",
            "replyCount": 18,
            "ltitle": "北京一确诊患者单位为机场巴士公司 已数月未上班",
            "subtitle": "",
            "digest": "新京报快讯今天，北京市新型冠状病毒肺炎疫情防控工作第115场新闻发布会召开。北京市疾控中心副主任庞星火介绍，6月13日0时至24时，北京市新增新冠肺炎确诊病例3",
            "boardid": "news2_bbs",
            "imgsrc": "http://cms-bucket.ws.126.net/2020/0614/3165750ap00qbwjpw00crc000s600e3c.png",
            "ptime": "2020-06-14 14:06:44",
            "daynum": "18427",
            "extraShowFields": ""
        },
        {
            "sourceId": "T1348647853363",
            "votecount": 30,
            "docid": "FF3B92K10001899O",
            "lmodify": "2020-06-14 14:12:58",
            "url_3w": "",
            "source": "央视新闻客户端",
            "postid": "FF3B92K10001899O",
            "priority": 70,
            "title": "重庆石柱县遭遇强降雨河水猛涨 民房被淹深度近1米",
            "mtime": "2020-06-14 14:12:58",
            "url": "https://3g.163.com/news/20/0614/14/FF3B92K10001899O.html",
            "quality": 80,
            "commentStatus": 1,
            "topicid": "00019B3E",
            "replyCount": 34,
            "ltitle": "重庆石柱县遭遇强降雨河水猛涨 民房被淹深度近1米",
            "subtitle": "",
            "digest": "受昨夜今晨（6月13—14日）强降雨影响，重庆石柱多个乡镇街道受灾。位于石柱南宾街道龙井路段的河水猛涨，沿河两岸居民受灾严重，河水将部分民房淹了近1米。早上6点",
            "boardid": "news2_bbs",
            "imgsrc": "http://cms-bucket.ws.126.net/2020/0614/4528e02cp00qbwjj800kdc000s600e3c.png",
            "ptime": "2020-06-14 14:04:58",
            "daynum": "18427",
            "extraShowFields": ""
        },
        {
            "sourceId": "T1348647853363",
            "votecount": 0,
            "docid": "FF39P7830001899O",
            "lmodify": "2020-06-14 13:50:25",
            "url_3w": "",
            "source": "中新网",
            "postid": "FF39P7830001899O",
            "priority": 70,
            "title": "北京1确诊者家属多次去新发地 本人无新发地暴露史",
            "mtime": "2020-06-14 13:50:25",
            "url": "https://3g.163.com/news/20/0614/13/FF39P7830001899O.html",
            "quality": 80,
            "commentStatus": 1,
            "topicid": "00019B3E",
            "replyCount": 7,
            "ltitle": "北京1确诊者家属多次去新发地 本人无新发地暴露史",
            "subtitle": "",
            "digest": "【玉泉东市场确诊病例家属多次去新发地，本人无新发地暴露史】6月13日0时-24时，北京市新增新冠肺炎确诊病例36例。据北京市疾病预防控制中心副主任庞星火14日在",
            "boardid": "news2_bbs",
            "imgsrc": "http://cms-bucket.ws.126.net/2020/0614/36be4c39p00qbwih900izc000s600e3c.png",
            "ptime": "2020-06-14 13:38:49",
            "daynum": "18427",
            "extraShowFields": ""
        },
        {
            "sourceId": "T1348647853363",
            "votecount": 371,
            "docid": "FF39JR950001899O",
            "lmodify": "2020-06-14 13:46:13",
            "url_3w": "",
            "source": "环球网",
            "postid": "FF39JR950001899O",
            "priority": 70,
            "title": "印度一健身器材深夜自己运动 警察民众围圈录视频",
            "mtime": "2020-06-14 13:46:13",
            "url": "https://3g.163.com/news/20/0614/13/FF39JR950001899O.html",
            "quality": 80,
            "commentStatus": 1,
            "topicid": "00019B3E",
            "replyCount": 417,
            "ltitle": "印度一健身器材深夜自己运动 警察民众围圈录视频",
            "subtitle": "",
            "digest": "【印度一健身器材深夜自己运动，警察和民众围一圈录视频】当地时间6月13日报道，印度占西一公园里有一个健身器材在深夜里自己运动。附近的居民都被这种现象吓坏了，于是",
            "boardid": "news2_bbs",
            "imgsrc": "http://cms-bucket.ws.126.net/2020/0614/bdcb249cp00qbwi7300b7c000s600e3c.png",
            "ptime": "2020-06-14 13:35:53",
            "daynum": "18427",
            "extraShowFields": ""
        },
        {
            "sourceId": "T1348647853363",
            "votecount": 40,
            "docid": "FF39AABF0001899O",
            "lmodify": "2020-06-14 13:46:13",
            "url_3w": "",
            "source": "澎湃新闻",
            "postid": "FF39AABF0001899O",
            "priority": 70,
            "title": "河北高院赔偿办副主任去世 曾负责聂树斌案国赔工作",
            "mtime": "2020-06-14 13:46:13",
            "url": "https://3g.163.com/news/20/0614/13/FF39AABF0001899O.html",
            "quality": 80,
            "commentStatus": 1,
            "topicid": "00019B3E",
            "replyCount": 50,
            "ltitle": "河北高院赔偿办副主任去世 曾负责聂树斌案国赔工作",
            "subtitle": "",
            "digest": "澎湃新闻记者从邢金虎亲友处获悉，河北省高级人民法院赔偿办副主任邢金虎于2020年6月12日下午在石家庄因病去世，享年46岁。邢金虎出生于1975年2月，此前曾担",
            "boardid": "news2_bbs",
            "imgsrc": "http://cms-bucket.ws.126.net/2020/0614/d242d855p00qbwhrw00dzc000s600e3c.png",
            "ptime": "2020-06-14 13:30:41",
            "daynum": "18427",
            "extraShowFields": ""
        },
        {
            "sourceId": "T1348647853363",
            "votecount": 111,
            "docid": "FF392UG80001899O",
            "lmodify": "2020-06-14 14:11:01",
            "url_3w": "",
            "source": "新京报",
            "postid": "FF392UG80001899O",
            "priority": 70,
            "title": "江苏小学女生作文课后坠亡 家属质疑其遭老师针对",
            "mtime": "2020-06-14 14:11:01",
            "url": "https://3g.163.com/news/20/0614/13/FF392UG80001899O.html",
            "quality": 80,
            "commentStatus": 1,
            "topicid": "00019B3E",
            "replyCount": 126,
            "ltitle": "江苏小学女生作文课后坠亡 家属质疑其遭老师针对",
            "subtitle": "",
            "digest": "据媒体报道，6月4日，江苏常州金坛河滨小学一女生坠楼身亡，家属发文质疑称，可能因该女生作文不合老师观点而遭到针对。当地官方6月12日通报称，经走访未发现当天课堂",
            "boardid": "news2_bbs",
            "imgsrc": "http://cms-bucket.ws.126.net/2020/0614/a3dc8ac0p00qbwhrc00frc000s600e3c.png",
            "ptime": "2020-06-14 13:26:40",
            "daynum": "18427",
            "extraShowFields": ""
        },
        {
            "sourceId": "T1348647853363",
            "votecount": 215,
            "docid": "FF38E7SC00019K82",
            "lmodify": "2020-06-14 14:54:47",
            "url_3w": "",
            "source": "健康时报",
            "postid": "FF38E7SC00019K82",
            "priority": 70,
            "title": "3日连增43例！北京是否需要全民检测？曾光回应",
            "mtime": "2020-06-14 14:54:47",
            "url": "https://3g.163.com/news/20/0614/13/FF38E7SC00019K82.html",
            "quality": 80,
            "commentStatus": 1,
            "topicid": "00019B3E",
            "replyCount": 254,
            "ltitle": "3日连增43例！北京是否需要全民检测？曾光回应",
            "subtitle": "",
            "digest": "过去3天，北京连续出现新发病例，新冠肺炎疫情出现了明显反弹，新增新冠确诊病例累计至43例。6月14日中午，在北京市新型冠状病毒肺炎疫情防控工作第115场新闻发布",
            "boardid": "news2_bbs",
            "imgsrc": "http://cms-bucket.ws.126.net/2020/0614/b46ec653p00qbwhk500f1c000s600e3c.png",
            "ptime": "2020-06-14 13:18:15",
            "daynum": "18427",
            "extraShowFields": "[{\"showDocid\":\"00019B3E_FF38E7SC00019K82_1\",\"title\":\"3日增43例 北京是否需要全民检测？\",\"status\":-1}]"
        },
        {
            "sourceId": "T1348647853363",
            "votecount": 95,
            "docid": "FF38HKHD0514BE2Q",
            "lmodify": "2020-06-14 13:41:17",
            "url_3w": "",
            "source": "中国新闻周刊",
            "postid": "FF38HKHD0514BE2Q",
            "priority": 70,
            "title": "北京进入非常时期:新增36例绝大部分系无症状转化",
            "mtime": "2020-06-14 13:41:17",
            "url": "",
            "quality": 80,
            "commentStatus": 1,
            "topicid": "00019B3E",
            "replyCount": 137,
            "ltitle": "北京进入非常时期:新增36例绝大部分系无症状转化",
            "subtitle": "",
            "digest": "6月13日下午，北京大红门京深海鲜批发市场北门，市场的一些商户聚集在此，将产品从市场往外运走。摄影/本刊记者张旭“北京市近日连续暴发确诊病例和核酸检测阳性病例，",
            "boardid": "dy_wemedia_bbs",
            "imgsrc": "http://cms-bucket.ws.126.net/2020/0614/8f4ecb08j00qbwhmv0037c000s600e3c.jpg",
            "ptime": "2020-06-14 13:17:15",
            "daynum": "18427",
            "extraShowFields": "[{\"title\":\"\",\"showDocid\":\"00019B3E_FF38HKHD0514BE2Q_1\"}]"
        },
        {
            "sourceId": "T1348647853363",
            "docid": "9IG74V5H00963VRO_SP1592111231603updateDoc",
            "skipID": "SP1592111231603",
            "lmodify": "2020-06-14 13:21:02",
            "source": "首都之窗",
            "title": "北京36例新增病例均与新发地有关 细节公布",
            "mtime": "2020-06-14 13:21:02",
            "priority": 70,
            "specialID": "SP1592111231603",
            "quality": 80,
            "tagList": [{
                "level": 2,
                "text": "播单",
                "type": "Blue-F"
            }],
            "skipType": "videoalbum",
            "digest": "",
            "TAG": "播单",
            "imgsrc": "http://cms-bucket.ws.126.net/2020/0614/ed9a4ed4j00qbwh6m0095c000s600e3c.jpg",
            "category": "健康,医疗",
            "ptime": "2020-06-14 13:15:12",
            "TAGS": "播单",
            "daynum": "18427",
            "extraShowFields": "[{\"showDocid\":\"00019B3E_SP1592111231603_1\",\"title\":\"\"}]"
        }
    ]
}